Title,URLHandle,Description,Vendor,Type,Tags,SKU,Size,Price,CompareAtPrice,WeightG,ImageURL
Nike Air Max 90,nike-air-max-90,OG running roots with Waffle sole and Max Air cushioning.,Nike,Lifestyle Sneakers,Nike Air-Max Lifestyle Casual Sneakers,NIKEAIRM0,UK 6,10995,12644,920,https://images.unsplash.com/photo-1542291026-7eec264c27ff?w=1200&q=80
,nike-air-max-90,,Nike,,,NIKEAIRM1,UK 7,10995,12644,920,
,nike-air-max-90,,Nike,,,NIKEAIRM2,UK 8,10995,12644,920,
,nike-air-max-90,,Nike,,,NIKEAIRM3,UK 9,10995,12644,920,
,nike-air-max-90,,Nike,,,NIKEAIRM4,UK 10,10995,12644,920,
Nike Air Max 270,nike-air-max-270,Tallest-ever Air unit for all-day comfort with breathable mesh.,Nike,Lifestyle Sneakers,Nike Air-Max Lifestyle Premium,NIKEAIRM0,UK 6,13995,16094,870,https://images.unsplash.com/photo-1600185365483-26d7a4cc7519?w=1200&q=80
,nike-air-max-270,,Nike,,,NIKEAIRM1,UK 7,13995,16094,870,
,nike-air-max-270,,Nike,,,NIKEAIRM2,UK 8,13995,16094,870,
,nike-air-max-270,,Nike,,,NIKEAIRM3,UK 9,13995,16094,870,
,nike-air-max-270,,Nike,,,NIKEAIRM4,UK 10,13995,16094,870,
Nike Air Max 97,nike-air-max-97,Japanese bullet train inspired full-length Max Air cushioning.,Nike,Lifestyle Sneakers,Nike Air-Max Lifestyle Reflective Premium,NIKEAIRM0,UK 6,16995,19544,950,https://images.unsplash.com/photo-1595950653106-6c9ebd614d3a?w=1200&q=80
,nike-air-max-97,,Nike,,,NIKEAIRM1,UK 7,16995,19544,950,
,nike-air-max-97,,Nike,,,NIKEAIRM2,UK 8,16995,19544,950,
,nike-air-max-97,,Nike,,,NIKEAIRM3,UK 9,16995,19544,950,
,nike-air-max-97,,Nike,,,NIKEAIRM4,UK 10,16995,19544,950,
Nike Air Max Plus,nike-air-max-plus,Tuned Air cushioning with wavy upper for street style.,Nike,Lifestyle Sneakers,Nike Air-Max Lifestyle Streetwear,NIKEAIRM0,UK 6,16995,19544,935,https://images.unsplash.com/photo-1605408499391-6368c628ef42?w=1200&q=80
,nike-air-max-plus,,Nike,,,NIKEAIRM1,UK 7,16995,19544,935,
,nike-air-max-plus,,Nike,,,NIKEAIRM2,UK 8,16995,19544,935,
,nike-air-max-plus,,Nike,,,NIKEAIRM3,UK 9,16995,19544,935,
,nike-air-max-plus,,Nike,,,NIKEAIRM4,UK 10,16995,19544,935,
Nike Air Max Dn,nike-air-max-dn,Dynamic Air dual pressure tubes for unlocked movement.,Nike,Lifestyle Sneakers,Nike Air-Max Lifestyle New-Release,NIKEAIRM0,UK 6,15995,18394,880,https://images.unsplash.com/photo-1608231387042-66d1773070a5?w=1200&q=80
,nike-air-max-dn,,Nike,,,NIKEAIRM1,UK 7,15995,18394,880,
,nike-air-max-dn,,Nike,,,NIKEAIRM2,UK 8,15995,18394,880,
,nike-air-max-dn,,Nike,,,NIKEAIRM3,UK 9,15995,18394,880,
,nike-air-max-dn,,Nike,,,NIKEAIRM4,UK 10,15995,18394,880,
Nike Dunk Low Retro,nike-dunk-low-retro,Crisp overlays and original team colours from hardwood to streets.,Nike,Lifestyle Sneakers,Nike Dunk Retro Lifestyle Basketball Streetwear,NIKEDUNK0,UK 6,8995,10344,850,https://images.unsplash.com/photo-1600269452121-4f2416e55c28?w=1200&q=80
,nike-dunk-low-retro,,Nike,,,NIKEDUNK1,UK 7,8995,10344,850,
,nike-dunk-low-retro,,Nike,,,NIKEDUNK2,UK 8,8995,10344,850,
,nike-dunk-low-retro,,Nike,,,NIKEDUNK3,UK 9,8995,10344,850,
,nike-dunk-low-retro,,Nike,,,NIKEDUNK4,UK 10,8995,10344,850,
Nike Dunk High Retro,nike-dunk-high-retro,High-cut bold colour blocking with premium leather upper.,Nike,Lifestyle Sneakers,Nike Dunk Retro Basketball Streetwear High-Top,NIKEDUNK0,UK 6,9995,11494,920,https://images.unsplash.com/photo-1606107557195-0e29a4b5b4aa?w=1200&q=80
,nike-dunk-high-retro,,Nike,,,NIKEDUNK1,UK 7,9995,11494,920,
,nike-dunk-high-retro,,Nike,,,NIKEDUNK2,UK 8,9995,11494,920,
,nike-dunk-high-retro,,Nike,,,NIKEDUNK3,UK 9,9995,11494,920,
,nike-dunk-high-retro,,Nike,,,NIKEDUNK4,UK 10,9995,11494,920,
Nike Pegasus 41,nike-pegasus-41,ReactX foam delivers 13% more energy return with Zoom Air units.,Nike,Running Shoes,Nike Pegasus Running ReactX Zoom-Air Daily-Trainer,NIKEPEGA0,UK 6,11895,13679,880,https://images.unsplash.com/photo-1542219550-37153d387c27?w=1200&q=80
,nike-pegasus-41,,Nike,,,NIKEPEGA1,UK 7,11895,13679,880,
,nike-pegasus-41,,Nike,,,NIKEPEGA2,UK 8,11895,13679,880,
,nike-pegasus-41,,Nike,,,NIKEPEGA3,UK 9,11895,13679,880,
,nike-pegasus-41,,Nike,,,NIKEPEGA4,UK 10,11895,13679,880,
Nike Pegasus 40,nike-pegasus-40,Springy cushioning with two Zoom Air units for everyday miles.,Nike,Running Shoes,Nike Pegasus Running Zoom-Air Daily-Trainer,NIKEPEGA0,UK 6,10495,12069,870,https://images.unsplash.com/photo-1606107557195-0e29a4b5b4aa?w=1200&q=80
,nike-pegasus-40,,Nike,,,NIKEPEGA1,UK 7,10495,12069,870,
,nike-pegasus-40,,Nike,,,NIKEPEGA2,UK 8,10495,12069,870,
,nike-pegasus-40,,Nike,,,NIKEPEGA3,UK 9,10495,12069,870,
,nike-pegasus-40,,Nike,,,NIKEPEGA4,UK 10,10495,12069,870,
Nike Pegasus Trail 5,nike-pegasus-trail-5,ReactX foam and rugged outsole lugs for trail grip.,Nike,Trail Running Shoes,Nike Pegasus Trail Running Off-Road ReactX,NIKEPEGA0,UK 6,12495,14369,930,https://images.unsplash.com/photo-1539185441755-769473a23570?w=1200&q=80
,nike-pegasus-trail-5,,Nike,,,NIKEPEGA1,UK 7,12495,14369,930,
,nike-pegasus-trail-5,,Nike,,,NIKEPEGA2,UK 8,12495,14369,930,
,nike-pegasus-trail-5,,Nike,,,NIKEPEGA3,UK 9,12495,14369,930,
,nike-pegasus-trail-5,,Nike,,,NIKEPEGA4,UK 10,12495,14369,930,
Nike Revolution 7,nike-revolution-7,Soft ride with lightweight knit upper for short runs.,Nike,Running Shoes,Nike Revolution Running Budget Everyday,NIKEREVO0,UK 6,3795,4364,750,https://images.unsplash.com/photo-1551107696-a4b0c5a0d9a2?w=1200&q=80
,nike-revolution-7,,Nike,,,NIKEREVO1,UK 7,3795,4364,750,
,nike-revolution-7,,Nike,,,NIKEREVO2,UK 8,3795,4364,750,
,nike-revolution-7,,Nike,,,NIKEREVO3,UK 9,3795,4364,750,
,nike-revolution-7,,Nike,,,NIKEREVO4,UK 10,3795,4364,750,
Nike Revolution 6,nike-revolution-6,Affordable lightweight running shoe with soft cushioning.,Nike,Running Shoes,Nike Revolution Budget Everyday,NIKEREVO0,UK 6,3495,4019,740,https://images.unsplash.com/photo-1606902965551-dce093cda6e7?w=1200&q=80
,nike-revolution-6,,Nike,,,NIKEREVO1,UK 7,3495,4019,740,
,nike-revolution-6,,Nike,,,NIKEREVO2,UK 8,3495,4019,740,
,nike-revolution-6,,Nike,,,NIKEREVO3,UK 9,3495,4019,740,
,nike-revolution-6,,Nike,,,NIKEREVO4,UK 10,3495,4019,740,
Nike Blazer Mid 77 Vintage,nike-blazer-mid-77-vintage,Sail midsole and exposed foam tongue for vintage character.,Nike,Lifestyle Sneakers,Nike Blazer Vintage Lifestyle Retro Basketball,NIKEBLAZ0,UK 6,8495,9769,880,https://images.unsplash.com/photo-1551107696-a4b0c5a0d9a2?w=1200&q=80
,nike-blazer-mid-77-vintage,,Nike,,,NIKEBLAZ1,UK 7,8495,9769,880,
,nike-blazer-mid-77-vintage,,Nike,,,NIKEBLAZ2,UK 8,8495,9769,880,
,nike-blazer-mid-77-vintage,,Nike,,,NIKEBLAZ3,UK 9,8495,9769,880,
,nike-blazer-mid-77-vintage,,Nike,,,NIKEBLAZ4,UK 10,8495,9769,880,
Nike Blazer Low 77,nike-blazer-low-77,Premium leather upper with retro-inspired vintage basketball details.,Nike,Lifestyle Sneakers,Nike Blazer Lifestyle Retro Leather Casual,NIKEBLAZ0,UK 6,6995,8044,820,https://images.unsplash.com/photo-1525966222134-fcfa99b8ae77?w=1200&q=80
,nike-blazer-low-77,,Nike,,,NIKEBLAZ1,UK 7,6995,8044,820,
,nike-blazer-low-77,,Nike,,,NIKEBLAZ2,UK 8,6995,8044,820,
,nike-blazer-low-77,,Nike,,,NIKEBLAZ3,UK 9,6995,8044,820,
,nike-blazer-low-77,,Nike,,,NIKEBLAZ4,UK 10,6995,8044,820,
Nike Metcon 9,nike-metcon-9,Gold standard for weight-day workouts with Hyperlift heel plate.,Nike,Training Shoes,Nike Metcon Training CrossFit Gym Weightlifting,NIKEMETC0,UK 6,13995,16094,990,https://images.unsplash.com/photo-1539185441755-769473a23570?w=1200&q=80
,nike-metcon-9,,Nike,,,NIKEMETC1,UK 7,13995,16094,990,
,nike-metcon-9,,Nike,,,NIKEMETC2,UK 8,13995,16094,990,
,nike-metcon-9,,Nike,,,NIKEMETC3,UK 9,13995,16094,990,
,nike-metcon-9,,Nike,,,NIKEMETC4,UK 10,13995,16094,990,
Nike Metcon 8,nike-metcon-8,Wider heel for stability under heavy weights with breathable upper.,Nike,Training Shoes,Nike Metcon Training CrossFit Gym,NIKEMETC0,UK 6,11995,13794,980,https://images.unsplash.com/photo-1571019614242-c5c5dee9f50b?w=1200&q=80
,nike-metcon-8,,Nike,,,NIKEMETC1,UK 7,11995,13794,980,
,nike-metcon-8,,Nike,,,NIKEMETC2,UK 8,11995,13794,980,
,nike-metcon-8,,Nike,,,NIKEMETC3,UK 9,11995,13794,980,
,nike-metcon-8,,Nike,,,NIKEMETC4,UK 10,11995,13794,980,
Nike Air Jordan 1 Mid,nike-air-jordan-1-mid,Classic basketball heritage with premium leather and Air-Sole cushioning.,Nike,Lifestyle Sneakers,Nike Air-Jordan Jordan Basketball Lifestyle Streetwear,NIKEAIRJ0,UK 6,11895,13679,950,https://images.unsplash.com/photo-1556906781-9a412961c28c?w=1200&q=80
,nike-air-jordan-1-mid,,Nike,,,NIKEAIRJ1,UK 7,11895,13679,950,
,nike-air-jordan-1-mid,,Nike,,,NIKEAIRJ2,UK 8,11895,13679,950,
,nike-air-jordan-1-mid,,Nike,,,NIKEAIRJ3,UK 9,11895,13679,950,
,nike-air-jordan-1-mid,,Nike,,,NIKEAIRJ4,UK 10,11895,13679,950,
Nike Air Jordan 1 Low,nike-air-jordan-1-low,Everyday AJ1 with genuine leather and classic colour blocking.,Nike,Lifestyle Sneakers,Nike Air-Jordan Jordan Basketball Lifestyle,NIKEAIRJ0,UK 6,9995,11494,880,https://images.unsplash.com/photo-1600185365483-26d7a4cc7519?w=1200&q=80
,nike-air-jordan-1-low,,Nike,,,NIKEAIRJ1,UK 7,9995,11494,880,
,nike-air-jordan-1-low,,Nike,,,NIKEAIRJ2,UK 8,9995,11494,880,
,nike-air-jordan-1-low,,Nike,,,NIKEAIRJ3,UK 9,9995,11494,880,
,nike-air-jordan-1-low,,Nike,,,NIKEAIRJ4,UK 10,9995,11494,880,
Nike Air Jordan 4 Retro,nike-air-jordan-4-retro,Mesh side panels and visible Air-Sole in a hall-of-fame silhouette.,Nike,Lifestyle Sneakers,Nike Air-Jordan Jordan Basketball Premium Lifestyle,NIKEAIRJ0,UK 6,17995,20694,990,https://images.unsplash.com/photo-1620327567321-d76e1f04c2d5?w=1200&q=80
,nike-air-jordan-4-retro,,Nike,,,NIKEAIRJ1,UK 7,17995,20694,990,
,nike-air-jordan-4-retro,,Nike,,,NIKEAIRJ2,UK 8,17995,20694,990,
,nike-air-jordan-4-retro,,Nike,,,NIKEAIRJ3,UK 9,17995,20694,990,
,nike-air-jordan-4-retro,,Nike,,,NIKEAIRJ4,UK 10,17995,20694,990,
Nike Invincible 3,nike-invincible-3,ZoomX foam for maximum cushioning with unrivaled energy return.,Nike,Running Shoes,Nike Invincible Running ZoomX Max-Cushion Premium,NIKEINVI0,UK 6,16995,19544,940,https://images.unsplash.com/photo-1595950653106-6c9ebd614d3a?w=1200&q=80
,nike-invincible-3,,Nike,,,NIKEINVI1,UK 7,16995,19544,940,
,nike-invincible-3,,Nike,,,NIKEINVI2,UK 8,16995,19544,940,
,nike-invincible-3,,Nike,,,NIKEINVI3,UK 9,16995,19544,940,
,nike-invincible-3,,Nike,,,NIKEINVI4,UK 10,16995,19544,940,
Nike Air Zoom Structure 25,nike-air-zoom-structure-25,Cushlon 3.0 foam and Zoom Air for stable responsive ride.,Nike,Running Shoes,Nike Structure Running Stability Zoom-Air,NIKEAIRZ0,UK 6,11495,13219,900,https://images.unsplash.com/photo-1606107557195-0e29a4b5b4aa?w=1200&q=80
,nike-air-zoom-structure-25,,Nike,,,NIKEAIRZ1,UK 7,11495,13219,900,
,nike-air-zoom-structure-25,,Nike,,,NIKEAIRZ2,UK 8,11495,13219,900,
,nike-air-zoom-structure-25,,Nike,,,NIKEAIRZ3,UK 9,11495,13219,900,
,nike-air-zoom-structure-25,,Nike,,,NIKEAIRZ4,UK 10,11495,13219,900,
Nike Vomero 17,nike-vomero-17,ZoomX and ReactX foam stack for premium everyday cushioning.,Nike,Running Shoes,Nike Vomero Running Max-Cushion ZoomX Premium,NIKEVOME0,UK 6,14995,17244,920,https://images.unsplash.com/photo-1542291026-7eec264c27ff?w=1200&q=80
,nike-vomero-17,,Nike,,,NIKEVOME1,UK 7,14995,17244,920,
,nike-vomero-17,,Nike,,,NIKEVOME2,UK 8,14995,17244,920,
,nike-vomero-17,,Nike,,,NIKEVOME3,UK 9,14995,17244,920,
,nike-vomero-17,,Nike,,,NIKEVOME4,UK 10,14995,17244,920,
Nike Zoom Vomero 5,nike-zoom-vomero-5,Early 2000s running style with Zoom Air for retro-tech vibe.,Nike,Lifestyle Sneakers,Nike Vomero Lifestyle Y2K Retro,NIKEZOOM0,UK 6,16995,19544,960,https://images.unsplash.com/photo-1551107696-a4b0c5a0d9a2?w=1200&q=80
,nike-zoom-vomero-5,,Nike,,,NIKEZOOM1,UK 7,16995,19544,960,
,nike-zoom-vomero-5,,Nike,,,NIKEZOOM2,UK 8,16995,19544,960,
,nike-zoom-vomero-5,,Nike,,,NIKEZOOM3,UK 9,16995,19544,960,
,nike-zoom-vomero-5,,Nike,,,NIKEZOOM4,UK 10,16995,19544,960,
Nike Free Run 5.0,nike-free-run-5-0,Sock-like feel with Free outsole grooves for barefoot running.,Nike,Running Shoes,Nike Free-Run Running Minimalist Flexible,NIKEFREE0,UK 6,8995,10344,780,https://images.unsplash.com/photo-1542219550-37153d387c27?w=1200&q=80
,nike-free-run-5-0,,Nike,,,NIKEFREE1,UK 7,8995,10344,780,
,nike-free-run-5-0,,Nike,,,NIKEFREE2,UK 8,8995,10344,780,
,nike-free-run-5-0,,Nike,,,NIKEFREE3,UK 9,8995,10344,780,
,nike-free-run-5-0,,Nike,,,NIKEFREE4,UK 10,8995,10344,780,
Nike Court Vision Low,nike-court-vision-low,Classic 80s basketball leather upper for versatile everyday lifestyle.,Nike,Lifestyle Sneakers,Nike Court-Vision Lifestyle Retro Affordable,NIKECOUR0,UK 6,4495,5169,820,https://images.unsplash.com/photo-1525966222134-fcfa99b8ae77?w=1200&q=80
,nike-court-vision-low,,Nike,,,NIKECOUR1,UK 7,4495,5169,820,
,nike-court-vision-low,,Nike,,,NIKECOUR2,UK 8,4495,5169,820,
,nike-court-vision-low,,Nike,,,NIKECOUR3,UK 9,4495,5169,820,
,nike-court-vision-low,,Nike,,,NIKECOUR4,UK 10,4495,5169,820,
Nike React Infinity Run Flyknit 3,nike-react-infinity-run-flyknit-3,React foam for injury reduction with smooth supportive ride.,Nike,Running Shoes,Nike React Running Flyknit Stability,NIKEREAC0,UK 6,14495,16669,910,https://images.unsplash.com/photo-1606107557195-0e29a4b5b4aa?w=1200&q=80
,nike-react-infinity-run-flyknit-3,,Nike,,,NIKEREAC1,UK 7,14495,16669,910,
,nike-react-infinity-run-flyknit-3,,Nike,,,NIKEREAC2,UK 8,14495,16669,910,
,nike-react-infinity-run-flyknit-3,,Nike,,,NIKEREAC3,UK 9,14495,16669,910,
,nike-react-infinity-run-flyknit-3,,Nike,,,NIKEREAC4,UK 10,14495,16669,910,
Nike ZoomX Vaporfly Next 3,nike-zoomx-vaporfly-next-3,ZoomX foam with carbon-fibre plate for marathon performance.,Nike,Marathon Racing Shoes,Nike ZoomX Vaporfly Marathon Carbon-Plate Racing Premium,NIKEZOOM0,UK 6,22995,26444,770,https://images.unsplash.com/photo-1542291026-7eec264c27ff?w=1200&q=80
,nike-zoomx-vaporfly-next-3,,Nike,,,NIKEZOOM1,UK 7,22995,26444,770,
,nike-zoomx-vaporfly-next-3,,Nike,,,NIKEZOOM2,UK 8,22995,26444,770,
,nike-zoomx-vaporfly-next-3,,Nike,,,NIKEZOOM3,UK 9,22995,26444,770,
,nike-zoomx-vaporfly-next-3,,Nike,,,NIKEZOOM4,UK 10,22995,26444,770,
Nike Phantom GX Elite,nike-phantom-gx-elite,Gripknit technology for precision passes and shots on firm ground.,Nike,Football Boots,Nike Phantom Football Soccer Firm-Ground Elite,NIKEPHAN0,UK 6,17995,20694,830,https://images.unsplash.com/photo-1577471488278-16eec37ffcc2?w=1200&q=80
,nike-phantom-gx-elite,,Nike,,,NIKEPHAN1,UK 7,17995,20694,830,
,nike-phantom-gx-elite,,Nike,,,NIKEPHAN2,UK 8,17995,20694,830,
,nike-phantom-gx-elite,,Nike,,,NIKEPHAN3,UK 9,17995,20694,830,
,nike-phantom-gx-elite,,Nike,,,NIKEPHAN4,UK 10,17995,20694,830,
Nike Tiempo Legend 10 Elite,nike-tiempo-legend-10-elite,Premium leather with All Conditions Control for the modern playmaker.,Nike,Football Boots,Nike Tiempo Football Soccer Leather Elite,NIKETIEM0,UK 6,14995,17244,820,https://images.unsplash.com/photo-1551958219-acbc608c6377?w=1200&q=80
,nike-tiempo-legend-10-elite,,Nike,,,NIKETIEM1,UK 7,14995,17244,820,
,nike-tiempo-legend-10-elite,,Nike,,,NIKETIEM2,UK 8,14995,17244,820,
,nike-tiempo-legend-10-elite,,Nike,,,NIKETIEM3,UK 9,14995,17244,820,
,nike-tiempo-legend-10-elite,,Nike,,,NIKETIEM4,UK 10,14995,17244,820,
Nike Air Max 90 Womens,nike-air-max-90-women-s,OG Waffle sole and Max Air cushioning in womens colourways.,Nike,Lifestyle Sneakers,Nike Air-Max Women Lifestyle Casual,NIKEAIRM0,UK 6,10995,12644,800,https://images.unsplash.com/photo-1595950653106-6c9ebd614d3a?w=1200&q=80
,nike-air-max-90-women-s,,Nike,,,NIKEAIRM1,UK 7,10995,12644,800,
,nike-air-max-90-women-s,,Nike,,,NIKEAIRM2,UK 8,10995,12644,800,
,nike-air-max-90-women-s,,Nike,,,NIKEAIRM3,UK 9,10995,12644,800,
,nike-air-max-90-women-s,,Nike,,,NIKEAIRM4,UK 10,10995,12644,800,
Nike Air Max 270 Womens,nike-air-max-270-women-s,Tallest-ever Air unit for womens all-day comfort.,Nike,Lifestyle Sneakers,Nike Air-Max Women Lifestyle Premium,NIKEAIRM0,UK 6,13995,16094,760,https://images.unsplash.com/photo-1600185365483-26d7a4cc7519?w=1200&q=80
,nike-air-max-270-women-s,,Nike,,,NIKEAIRM1,UK 7,13995,16094,760,
,nike-air-max-270-women-s,,Nike,,,NIKEAIRM2,UK 8,13995,16094,760,
,nike-air-max-270-women-s,,Nike,,,NIKEAIRM3,UK 9,13995,16094,760,
,nike-air-max-270-women-s,,Nike,,,NIKEAIRM4,UK 10,13995,16094,760,
Nike Air Max 97 Womens,nike-air-max-97-women-s,Full-length Max Air cushioning and iconic wavy upper for women.,Nike,Lifestyle Sneakers,Nike Air-Max Women Lifestyle Reflective Premium,NIKEAIRM0,UK 6,16995,19544,820,https://images.unsplash.com/photo-1606107557195-0e29a4b5b4aa?w=1200&q=80
,nike-air-max-97-women-s,,Nike,,,NIKEAIRM1,UK 7,16995,19544,820,
,nike-air-max-97-women-s,,Nike,,,NIKEAIRM2,UK 8,16995,19544,820,
,nike-air-max-97-women-s,,Nike,,,NIKEAIRM3,UK 9,16995,19544,820,
,nike-air-max-97-women-s,,Nike,,,NIKEAIRM4,UK 10,16995,19544,820,
Nike Dunk Low Womens,nike-dunk-low-women-s,Classic team colours in womens-fit silhouette for the streets.,Nike,Lifestyle Sneakers,Nike Dunk Women Retro Lifestyle Streetwear,NIKEDUNK0,UK 6,8995,10344,750,https://images.unsplash.com/photo-1600269452121-4f2416e55c28?w=1200&q=80
,nike-dunk-low-women-s,,Nike,,,NIKEDUNK1,UK 7,8995,10344,750,
,nike-dunk-low-women-s,,Nike,,,NIKEDUNK2,UK 8,8995,10344,750,
,nike-dunk-low-women-s,,Nike,,,NIKEDUNK3,UK 9,8995,10344,750,
,nike-dunk-low-women-s,,Nike,,,NIKEDUNK4,UK 10,8995,10344,750,
Nike Dunk High Womens,nike-dunk-high-women-s,High-cut bold colour blocking for women with premium leather.,Nike,Lifestyle Sneakers,Nike Dunk Women High-Top Retro Streetwear,NIKEDUNK0,UK 6,9995,11494,820,https://images.unsplash.com/photo-1606107557195-0e29a4b5b4aa?w=1200&q=80
,nike-dunk-high-women-s,,Nike,,,NIKEDUNK1,UK 7,9995,11494,820,
,nike-dunk-high-women-s,,Nike,,,NIKEDUNK2,UK 8,9995,11494,820,
,nike-dunk-high-women-s,,Nike,,,NIKEDUNK3,UK 9,9995,11494,820,
,nike-dunk-high-women-s,,Nike,,,NIKEDUNK4,UK 10,9995,11494,820,
Nike Pegasus 41 Womens,nike-pegasus-41-women-s,ReactX foam for responsive daily running for women.,Nike,Running Shoes,Nike Pegasus Women Running ReactX Zoom-Air,NIKEPEGA0,UK 6,11895,13679,780,https://images.unsplash.com/photo-1542219550-37153d387c27?w=1200&q=80
,nike-pegasus-41-women-s,,Nike,,,NIKEPEGA1,UK 7,11895,13679,780,
,nike-pegasus-41-women-s,,Nike,,,NIKEPEGA2,UK 8,11895,13679,780,
,nike-pegasus-41-women-s,,Nike,,,NIKEPEGA3,UK 9,11895,13679,780,
,nike-pegasus-41-women-s,,Nike,,,NIKEPEGA4,UK 10,11895,13679,780,
Nike Revolution 7 Womens,nike-revolution-7-women-s,Soft everyday ride with lightweight knit upper for women.,Nike,Running Shoes,Nike Revolution Women Budget Everyday,NIKEREVO0,UK 6,3795,4364,640,https://images.unsplash.com/photo-1551107696-a4b0c5a0d9a2?w=1200&q=80
,nike-revolution-7-women-s,,Nike,,,NIKEREVO1,UK 7,3795,4364,640,
,nike-revolution-7-women-s,,Nike,,,NIKEREVO2,UK 8,3795,4364,640,
,nike-revolution-7-women-s,,Nike,,,NIKEREVO3,UK 9,3795,4364,640,
,nike-revolution-7-women-s,,Nike,,,NIKEREVO4,UK 10,3795,4364,640,
Nike Blazer Mid 77 Vintage Womens,nike-blazer-mid-77-vintage-women-s,Vintage hoops look in womens colourways.,Nike,Lifestyle Sneakers,Nike Blazer Women Vintage Lifestyle Retro,NIKEBLAZ0,UK 6,8495,9769,780,https://images.unsplash.com/photo-1551107696-a4b0c5a0d9a2?w=1200&q=80
,nike-blazer-mid-77-vintage-women-s,,Nike,,,NIKEBLAZ1,UK 7,8495,9769,780,
,nike-blazer-mid-77-vintage-women-s,,Nike,,,NIKEBLAZ2,UK 8,8495,9769,780,
,nike-blazer-mid-77-vintage-women-s,,Nike,,,NIKEBLAZ3,UK 9,8495,9769,780,
,nike-blazer-mid-77-vintage-women-s,,Nike,,,NIKEBLAZ4,UK 10,8495,9769,780,
Nike Blazer Low Platform Womens,nike-blazer-low-platform-women-s,Basketball classic elevated on chunky platform sole for women.,Nike,Lifestyle Sneakers,Nike Blazer Platform Women Lifestyle Retro,NIKEBLAZ0,UK 6,8995,10344,820,https://images.unsplash.com/photo-1525966222134-fcfa99b8ae77?w=1200&q=80
,nike-blazer-low-platform-women-s,,Nike,,,NIKEBLAZ1,UK 7,8995,10344,820,
,nike-blazer-low-platform-women-s,,Nike,,,NIKEBLAZ2,UK 8,8995,10344,820,
,nike-blazer-low-platform-women-s,,Nike,,,NIKEBLAZ3,UK 9,8995,10344,820,
,nike-blazer-low-platform-women-s,,Nike,,,NIKEBLAZ4,UK 10,8995,10344,820,
Nike Metcon 9 Womens,nike-metcon-9-women-s,Gold standard womens weight-day workout shoe.,Nike,Training Shoes,Nike Metcon Women Training CrossFit Gym,NIKEMETC0,UK 6,13995,16094,870,https://images.unsplash.com/photo-1571019614242-c5c5dee9f50b?w=1200&q=80
,nike-metcon-9-women-s,,Nike,,,NIKEMETC1,UK 7,13995,16094,870,
,nike-metcon-9-women-s,,Nike,,,NIKEMETC2,UK 8,13995,16094,870,
,nike-metcon-9-women-s,,Nike,,,NIKEMETC3,UK 9,13995,16094,870,
,nike-metcon-9-women-s,,Nike,,,NIKEMETC4,UK 10,13995,16094,870,
Nike Air Jordan 1 Mid Womens,nike-air-jordan-1-mid-women-s,Basketball heritage with Air-Sole in womens colourways.,Nike,Lifestyle Sneakers,Nike Air-Jordan Women Basketball Lifestyle Streetwear,NIKEAIRJ0,UK 6,11895,13679,840,https://images.unsplash.com/photo-1556906781-9a412961c28c?w=1200&q=80
,nike-air-jordan-1-mid-women-s,,Nike,,,NIKEAIRJ1,UK 7,11895,13679,840,
,nike-air-jordan-1-mid-women-s,,Nike,,,NIKEAIRJ2,UK 8,11895,13679,840,
,nike-air-jordan-1-mid-women-s,,Nike,,,NIKEAIRJ3,UK 9,11895,13679,840,
,nike-air-jordan-1-mid-women-s,,Nike,,,NIKEAIRJ4,UK 10,11895,13679,840,
Nike Air Jordan 1 Low Womens,nike-air-jordan-1-low-women-s,Everyday AJ1 with genuine leather for women.,Nike,Lifestyle Sneakers,Nike Air-Jordan Women Basketball Lifestyle,NIKEAIRJ0,UK 6,9995,11494,780,https://images.unsplash.com/photo-1600185365483-26d7a4cc7519?w=1200&q=80
,nike-air-jordan-1-low-women-s,,Nike,,,NIKEAIRJ1,UK 7,9995,11494,780,
,nike-air-jordan-1-low-women-s,,Nike,,,NIKEAIRJ2,UK 8,9995,11494,780,
,nike-air-jordan-1-low-women-s,,Nike,,,NIKEAIRJ3,UK 9,9995,11494,780,
,nike-air-jordan-1-low-women-s,,Nike,,,NIKEAIRJ4,UK 10,9995,11494,780,
Nike Invincible 3 Womens,nike-invincible-3-women-s,ZoomX foam for maximum cushioning for women runners.,Nike,Running Shoes,Nike Invincible Women Running ZoomX Max-Cushion Premium,NIKEINVI0,UK 6,16995,19544,830,https://images.unsplash.com/photo-1595950653106-6c9ebd614d3a?w=1200&q=80
,nike-invincible-3-women-s,,Nike,,,NIKEINVI1,UK 7,16995,19544,830,
,nike-invincible-3-women-s,,Nike,,,NIKEINVI2,UK 8,16995,19544,830,
,nike-invincible-3-women-s,,Nike,,,NIKEINVI3,UK 9,16995,19544,830,
,nike-invincible-3-women-s,,Nike,,,NIKEINVI4,UK 10,16995,19544,830,
Nike ZoomX Vaporfly Next 3 Womens,nike-zoomx-vaporfly-next-3-women-s,ZoomX foam with carbon plate for womens marathon performance.,Nike,Marathon Racing Shoes,Nike ZoomX Vaporfly Women Marathon Carbon-Plate Racing,NIKEZOOM0,UK 6,22995,26444,680,https://images.unsplash.com/photo-1542291026-7eec264c27ff?w=1200&q=80
,nike-zoomx-vaporfly-next-3-women-s,,Nike,,,NIKEZOOM1,UK 7,22995,26444,680,
,nike-zoomx-vaporfly-next-3-women-s,,Nike,,,NIKEZOOM2,UK 8,22995,26444,680,
,nike-zoomx-vaporfly-next-3-women-s,,Nike,,,NIKEZOOM3,UK 9,22995,26444,680,
,nike-zoomx-vaporfly-next-3-women-s,,Nike,,,NIKEZOOM4,UK 10,22995,26444,680,
Nike Tanjun Womens,nike-tanjun-women-s,Lightweight breathable mesh for affordable everyday womens wear.,Nike,Lifestyle Sneakers,Nike Tanjun Women Lifestyle Minimalist Casual Affordable,NIKETANJ0,UK 6,4495,5169,660,https://images.unsplash.com/photo-1551107696-a4b0c5a0d9a2?w=1200&q=80
,nike-tanjun-women-s,,Nike,,,NIKETANJ1,UK 7,4495,5169,660,
,nike-tanjun-women-s,,Nike,,,NIKETANJ2,UK 8,4495,5169,660,
,nike-tanjun-women-s,,Nike,,,NIKETANJ3,UK 9,4495,5169,660,
,nike-tanjun-women-s,,Nike,,,NIKETANJ4,UK 10,4495,5169,660,
Nike Air Force 1 07 Womens,nike-air-force-1-07-women-s,Durably stitched overlays on the basketball classic for women.,Nike,Lifestyle Sneakers,Nike Air-Force Women Lifestyle Classic Streetwear,NIKEAIRF0,UK 6,9995,11494,820,https://images.unsplash.com/photo-1600269452121-4f2416e55c28?w=1200&q=80
,nike-air-force-1-07-women-s,,Nike,,,NIKEAIRF1,UK 7,9995,11494,820,
,nike-air-force-1-07-women-s,,Nike,,,NIKEAIRF2,UK 8,9995,11494,820,
,nike-air-force-1-07-women-s,,Nike,,,NIKEAIRF3,UK 9,9995,11494,820,
,nike-air-force-1-07-women-s,,Nike,,,NIKEAIRF4,UK 10,9995,11494,820,
Nike Air Force 1 Shadow Womens,nike-air-force-1-shadow-women-s,Double Swooshes and stacked layers add bold dimension for women.,Nike,Lifestyle Sneakers,Nike Air-Force Shadow Women Lifestyle Premium Streetwear,NIKEAIRF0,UK 6,11995,13794,870,https://images.unsplash.com/photo-1556906781-9a412961c28c?w=1200&q=80
,nike-air-force-1-shadow-women-s,,Nike,,,NIKEAIRF1,UK 7,11995,13794,870,
,nike-air-force-1-shadow-women-s,,Nike,,,NIKEAIRF2,UK 8,11995,13794,870,
,nike-air-force-1-shadow-women-s,,Nike,,,NIKEAIRF3,UK 9,11995,13794,870,
,nike-air-force-1-shadow-women-s,,Nike,,,NIKEAIRF4,UK 10,11995,13794,870,
Nike Free Run 5.0 Womens,nike-free-run-5-0-women-s,Sock-like feel with Free outsole grooves for womens running.,Nike,Running Shoes,Nike Free-Run Women Running Minimalist Flexible,NIKEFREE0,UK 6,8995,10344,680,https://images.unsplash.com/photo-1542219550-37153d387c27?w=1200&q=80
,nike-free-run-5-0-women-s,,Nike,,,NIKEFREE1,UK 7,8995,10344,680,
,nike-free-run-5-0-women-s,,Nike,,,NIKEFREE2,UK 8,8995,10344,680,
,nike-free-run-5-0-women-s,,Nike,,,NIKEFREE3,UK 9,8995,10344,680,
,nike-free-run-5-0-women-s,,Nike,,,NIKEFREE4,UK 10,8995,10344,680,
Nike Court Vision Low Womens,nike-court-vision-low-women-s,Classic leather upper for versatile everyday womens lifestyle.,Nike,Lifestyle Sneakers,Nike Court-Vision Women Lifestyle Retro Affordable,NIKECOUR0,UK 6,4495,5169,730,https://images.unsplash.com/photo-1525966222134-fcfa99b8ae77?w=1200&q=80
,nike-court-vision-low-women-s,,Nike,,,NIKECOUR1,UK 7,4495,5169,730,
,nike-court-vision-low-women-s,,Nike,,,NIKECOUR2,UK 8,4495,5169,730,
,nike-court-vision-low-women-s,,Nike,,,NIKECOUR3,UK 9,4495,5169,730,
,nike-court-vision-low-women-s,,Nike,,,NIKECOUR4,UK 10,4495,5169,730,
Nike Phantom GX Elite Womens,nike-phantom-gx-elite-women-s,Gripknit technology for precision womens football.,Nike,Football Boots,Nike Phantom Women Football Soccer Elite,NIKEPHAN0,UK 6,17995,20694,740,https://images.unsplash.com/photo-1577471488278-16eec37ffcc2?w=1200&q=80
,nike-phantom-gx-elite-women-s,,Nike,,,NIKEPHAN1,UK 7,17995,20694,740,
,nike-phantom-gx-elite-women-s,,Nike,,,NIKEPHAN2,UK 8,17995,20694,740,
,nike-phantom-gx-elite-women-s,,Nike,,,NIKEPHAN3,UK 9,17995,20694,740,
,nike-phantom-gx-elite-women-s,,Nike,,,NIKEPHAN4,UK 10,17995,20694,740,
Nike Air Zoom Structure 25 Womens,nike-air-zoom-structure-25-women-s,Cushlon 3.0 foam and Zoom Air for stable womens running.,Nike,Running Shoes,Nike Structure Women Running Stability Zoom-Air,NIKEAIRZ0,UK 6,11495,13219,800,https://images.unsplash.com/photo-1606107557195-0e29a4b5b4aa?w=1200&q=80
,nike-air-zoom-structure-25-women-s,,Nike,,,NIKEAIRZ1,UK 7,11495,13219,800,
,nike-air-zoom-structure-25-women-s,,Nike,,,NIKEAIRZ2,UK 8,11495,13219,800,
,nike-air-zoom-structure-25-women-s,,Nike,,,NIKEAIRZ3,UK 9,11495,13219,800,
,nike-air-zoom-structure-25-women-s,,Nike,,,NIKEAIRZ4,UK 10,11495,13219,800,
Nike Vomero 17 Womens,nike-vomero-17-women-s,ZoomX and ReactX foam stack for premium cushioning for women.,Nike,Running Shoes,Nike Vomero Women Running Max-Cushion ZoomX Premium,NIKEVOME0,UK 6,14995,17244,820,https://images.unsplash.com/photo-1542291026-7eec264c27ff?w=1200&q=80
,nike-vomero-17-women-s,,Nike,,,NIKEVOME1,UK 7,14995,17244,820,
,nike-vomero-17-women-s,,Nike,,,NIKEVOME2,UK 8,14995,17244,820,
,nike-vomero-17-women-s,,Nike,,,NIKEVOME3,UK 9,14995,17244,820,
,nike-vomero-17-women-s,,Nike,,,NIKEVOME4,UK 10,14995,17244,820,